year,suburb,res_type,seat_indoor,seat_outdoor,all_seat
2002,Carlton,Cafes and Restaurants,9198.0,1903.0,11101.0
2002,Carlton,"Pubs, Taverns and Bars",1189.0,192.0,1381.0
2002,Carlton,Takeaway Food Services,167.0,86.0,253.0
2002,Docklands,Cafes and Restaurants,4699.0,226.0,4925.0
2002,Docklands,Takeaway Food Services,12.0,0.0,12.0
2002,East Melbourne,Cafes and Restaurants,2746.0,171.0,2917.0
2002,East Melbourne,Takeaway Food Services,51.0,9.0,60.0
2002,Kensington,Cafes and Restaurants,52.0,32.0,84.0
2002,Kensington,Takeaway Food Services,30.0,0.0,30.0
2002,Melbourne (CBD),Cafes and Restaurants,42369.0,4814.0,47183.0
2002,Melbourne (CBD),"Pubs, Taverns and Bars",7034.0,428.0,7462.0
2002,Melbourne (CBD),Takeaway Food Services,1169.0,516.0,1685.0
2002,Melbourne (Remainder),Cafes and Restaurants,6293.0,614.0,6907.0
2002,Melbourne (Remainder),Takeaway Food Services,42.0,34.0,76.0
2002,North Melbourne,Cafes and Restaurants,1171.0,177.0,1348.0
2002,North Melbourne,"Pubs, Taverns and Bars",1071.0,0.0,1071.0
2002,North Melbourne,Takeaway Food Services,187.0,48.0,235.0
2002,Parkville,Cafes and Restaurants,926.0,222.0,1148.0
2002,Parkville,"Pubs, Taverns and Bars",118.0,0.0,118.0
2002,Parkville,Takeaway Food Services,49.0,73.0,122.0
2002,Port Melbourne,Cafes and Restaurants,67.0,24.0,91.0
2002,South Yarra,Cafes and Restaurants,522.0,68.0,590.0
2002,Southbank,Cafes and Restaurants,5582.0,1830.0,7412.0
2002,Southbank,"Pubs, Taverns and Bars",100.0,0.0,100.0
2002,Southbank,Takeaway Food Services,38.0,9.0,47.0
2002,West Melbourne,Cafes and Restaurants,1502.0,141.0,1643.0
2002,West Melbourne,"Pubs, Taverns and Bars",1014.0,46.0,1060.0
2002,West Melbourne,Takeaway Food Services,74.0,16.0,90.0
2003,Carlton,Cafes and Restaurants,9171.0,2383.0,11554.0
2003,Carlton,"Pubs, Taverns and Bars",1477.0,257.0,1734.0
2003,Carlton,Takeaway Food Services,262.0,99.0,361.0
2003,Docklands,Cafes and Restaurants,6048.0,986.0,7034.0
2003,East Melbourne,Cafes and Restaurants,3768.0,290.0,4058.0
2003,East Melbourne,Takeaway Food Services,38.0,9.0,47.0
2003,Kensington,Cafes and Restaurants,52.0,32.0,84.0
2003,Kensington,Takeaway Food Services,30.0,0.0,30.0
2003,Melbourne (CBD),Cafes and Restaurants,42369.0,4814.0,47183.0
2003,Melbourne (CBD),"Pubs, Taverns and Bars",7034.0,428.0,7462.0
2003,Melbourne (CBD),Takeaway Food Services,1169.0,516.0,1685.0
2003,Melbourne (Remainder),Cafes and Restaurants,6293.0,614.0,6907.0
2003,Melbourne (Remainder),Takeaway Food Services,42.0,34.0,76.0
2003,North Melbourne,Cafes and Restaurants,1550.0,285.0,1835.0
2003,North Melbourne,"Pubs, Taverns and Bars",1231.0,16.0,1247.0
2003,North Melbourne,Takeaway Food Services,173.0,101.0,274.0
2003,Parkville,Cafes and Restaurants,1263.0,265.0,1528.0
2003,Parkville,"Pubs, Taverns and Bars",298.0,0.0,298.0
2003,Parkville,Takeaway Food Services,49.0,83.0,132.0
2003,Port Melbourne,Cafes and Restaurants,67.0,24.0,91.0
2003,South Yarra,Cafes and Restaurants,522.0,68.0,590.0
2003,Southbank,Cafes and Restaurants,5582.0,1830.0,7412.0
2003,Southbank,"Pubs, Taverns and Bars",100.0,0.0,100.0
2003,Southbank,Takeaway Food Services,38.0,9.0,47.0
2003,West Melbourne,Cafes and Restaurants,1359.0,171.0,1530.0
2003,West Melbourne,"Pubs, Taverns and Bars",1203.0,35.0,1238.0
2003,West Melbourne,Takeaway Food Services,70.0,22.0,92.0
2004,Carlton,Cafes and Restaurants,9171.0,2383.0,11554.0
2004,Carlton,"Pubs, Taverns and Bars",1477.0,257.0,1734.0
2004,Carlton,Takeaway Food Services,262.0,99.0,361.0
2004,Docklands,Cafes and Restaurants,6048.0,986.0,7034.0
2004,East Melbourne,Cafes and Restaurants,3768.0,290.0,4058.0
2004,East Melbourne,Takeaway Food Services,38.0,9.0,47.0
2004,Kensington,Cafes and Restaurants,70.0,34.0,104.0
2004,Kensington,"Pubs, Taverns and Bars",130.0,50.0,180.0
2004,Kensington,Takeaway Food Services,34.0,2.0,36.0
2004,Melbourne (CBD),Cafes and Restaurants,42648.0,7121.0,49769.0
2004,Melbourne (CBD),"Pubs, Taverns and Bars",7645.0,608.0,8253.0
2004,Melbourne (CBD),Takeaway Food Services,1593.0,697.0,2290.0
2004,Melbourne (Remainder),Cafes and Restaurants,6577.0,841.0,7418.0
2004,Melbourne (Remainder),Takeaway Food Services,47.0,41.0,88.0
2004,North Melbourne,Cafes and Restaurants,1550.0,285.0,1835.0
2004,North Melbourne,"Pubs, Taverns and Bars",1231.0,16.0,1247.0
2004,North Melbourne,Takeaway Food Services,173.0,101.0,274.0
2004,Parkville,Cafes and Restaurants,1263.0,265.0,1528.0
2004,Parkville,"Pubs, Taverns and Bars",298.0,0.0,298.0
2004,Parkville,Takeaway Food Services,49.0,83.0,132.0
2004,Port Melbourne,Cafes and Restaurants,279.0,94.0,373.0
2004,Port Melbourne,Takeaway Food Services,23.0,20.0,43.0
2004,South Yarra,Cafes and Restaurants,492.0,93.0,585.0
2004,Southbank,Cafes and Restaurants,5713.0,1827.0,7540.0
2004,Southbank,"Pubs, Taverns and Bars",100.0,0.0,100.0
2004,Southbank,Takeaway Food Services,57.0,9.0,66.0
2004,West Melbourne,Cafes and Restaurants,1359.0,171.0,1530.0
2004,West Melbourne,"Pubs, Taverns and Bars",1203.0,35.0,1238.0
2004,West Melbourne,Takeaway Food Services,70.0,22.0,92.0
2005,Carlton,Cafes and Restaurants,9663.0,2525.0,12188.0
2005,Carlton,"Pubs, Taverns and Bars",1426.0,182.0,1608.0
2005,Carlton,Takeaway Food Services,312.0,170.0,482.0
2005,Docklands,Cafes and Restaurants,8701.0,2113.0,10814.0
2005,Docklands,"Pubs, Taverns and Bars",100.0,16.0,116.0
2005,Docklands,Takeaway Food Services,92.0,6.0,98.0
2005,East Melbourne,Cafes and Restaurants,5469.0,543.0,6012.0
2005,East Melbourne,Takeaway Food Services,44.0,15.0,59.0
2005,Kensington,Cafes and Restaurants,70.0,34.0,104.0
2005,Kensington,"Pubs, Taverns and Bars",130.0,50.0,180.0
2005,Kensington,Takeaway Food Services,34.0,2.0,36.0
2005,Melbourne (CBD),Cafes and Restaurants,44010.0,8180.0,52190.0
2005,Melbourne (CBD),"Pubs, Taverns and Bars",8369.0,678.0,9047.0
2005,Melbourne (CBD),Takeaway Food Services,1889.0,824.0,2713.0
2005,Melbourne (Remainder),Cafes and Restaurants,6577.0,841.0,7418.0
2005,Melbourne (Remainder),Takeaway Food Services,47.0,41.0,88.0
2005,North Melbourne,Cafes and Restaurants,1627.0,407.0,2034.0
2005,North Melbourne,"Pubs, Taverns and Bars",1337.0,151.0,1488.0
2005,North Melbourne,Takeaway Food Services,184.0,110.0,294.0
2005,Parkville,Cafes and Restaurants,1013.0,500.0,1513.0
2005,Parkville,"Pubs, Taverns and Bars",298.0,0.0,298.0
2005,Parkville,Takeaway Food Services,44.0,69.0,113.0
2005,Port Melbourne,Cafes and Restaurants,279.0,94.0,373.0
2005,Port Melbourne,Takeaway Food Services,23.0,20.0,43.0
2005,South Yarra,Cafes and Restaurants,492.0,93.0,585.0
2005,Southbank,Cafes and Restaurants,5713.0,1827.0,7540.0
2005,Southbank,"Pubs, Taverns and Bars",100.0,0.0,100.0
2005,Southbank,Takeaway Food Services,57.0,9.0,66.0
2005,West Melbourne,Cafes and Restaurants,1434.0,181.0,1615.0
2005,West Melbourne,"Pubs, Taverns and Bars",1217.0,50.0,1267.0
2005,West Melbourne,Takeaway Food Services,76.0,20.0,96.0
2006,Carlton,Cafes and Restaurants,9663.0,2525.0,12188.0
2006,Carlton,"Pubs, Taverns and Bars",1426.0,182.0,1608.0
2006,Carlton,Takeaway Food Services,312.0,170.0,482.0
2006,Docklands,Cafes and Restaurants,8701.0,2113.0,10814.0
2006,Docklands,"Pubs, Taverns and Bars",100.0,16.0,116.0
2006,Docklands,Takeaway Food Services,92.0,6.0,98.0
2006,East Melbourne,Cafes and Restaurants,5469.0,543.0,6012.0
2006,East Melbourne,Takeaway Food Services,44.0,15.0,59.0
2006,Kensington,Cafes and Restaurants,105.0,32.0,137.0
2006,Kensington,"Pubs, Taverns and Bars",130.0,50.0,180.0
2006,Kensington,Takeaway Food Services,68.0,0.0,68.0
2006,Melbourne (CBD),Cafes and Restaurants,45089.0,8415.0,53504.0
2006,Melbourne (CBD),"Pubs, Taverns and Bars",8970.0,647.0,9617.0
2006,Melbourne (CBD),Takeaway Food Services,2023.0,813.0,2836.0
2006,Melbourne (Remainder),Cafes and Restaurants,6500.0,877.0,7377.0
2006,Melbourne (Remainder),Takeaway Food Services,42.0,60.0,102.0
2006,North Melbourne,Cafes and Restaurants,1627.0,407.0,2034.0
2006,North Melbourne,"Pubs, Taverns and Bars",1337.0,151.0,1488.0
2006,North Melbourne,Takeaway Food Services,184.0,110.0,294.0
2006,Parkville,Cafes and Restaurants,1013.0,500.0,1513.0
2006,Parkville,"Pubs, Taverns and Bars",298.0,0.0,298.0
2006,Parkville,Takeaway Food Services,44.0,69.0,113.0
2006,Port Melbourne,Cafes and Restaurants,328.0,136.0,464.0
2006,Port Melbourne,Takeaway Food Services,23.0,20.0,43.0
2006,South Yarra,Cafes and Restaurants,566.0,96.0,662.0
2006,Southbank,Cafes and Restaurants,6160.0,2127.0,8287.0
2006,Southbank,"Pubs, Taverns and Bars",442.0,98.0,540.0
2006,Southbank,Takeaway Food Services,81.0,63.0,144.0
2006,West Melbourne,Cafes and Restaurants,1434.0,181.0,1615.0
2006,West Melbourne,"Pubs, Taverns and Bars",1217.0,50.0,1267.0
2006,West Melbourne,Takeaway Food Services,76.0,20.0,96.0
2007,Carlton,Cafes and Restaurants,10059.0,2894.0,12953.0
2007,Carlton,"Pubs, Taverns and Bars",1100.0,149.0,1249.0
2007,Carlton,Takeaway Food Services,256.0,186.0,442.0
2007,Docklands,Cafes and Restaurants,9232.0,2228.0,11460.0
2007,Docklands,"Pubs, Taverns and Bars",150.0,61.0,211.0
2007,Docklands,Takeaway Food Services,132.0,40.0,172.0
2007,East Melbourne,Cafes and Restaurants,5238.0,625.0,5863.0
2007,East Melbourne,Takeaway Food Services,62.0,36.0,98.0
2007,Kensington,Cafes and Restaurants,105.0,32.0,137.0
2007,Kensington,"Pubs, Taverns and Bars",130.0,50.0,180.0
2007,Kensington,Takeaway Food Services,68.0,0.0,68.0
2007,Melbourne (CBD),Cafes and Restaurants,45313.0,8688.0,54001.0
2007,Melbourne (CBD),"Pubs, Taverns and Bars",9103.0,677.0,9780.0
2007,Melbourne (CBD),Takeaway Food Services,2005.0,745.0,2750.0
2007,Melbourne (Remainder),Cafes and Restaurants,6500.0,877.0,7377.0
2007,Melbourne (Remainder),Takeaway Food Services,42.0,60.0,102.0
2007,North Melbourne,Cafes and Restaurants,1812.0,385.0,2197.0
2007,North Melbourne,"Pubs, Taverns and Bars",1407.0,168.0,1575.0
2007,North Melbourne,Takeaway Food Services,211.0,106.0,317.0
2007,Parkville,Cafes and Restaurants,1090.0,583.0,1673.0
2007,Parkville,"Pubs, Taverns and Bars",298.0,0.0,298.0
2007,Parkville,Takeaway Food Services,35.0,44.0,79.0
2007,Port Melbourne,Cafes and Restaurants,328.0,136.0,464.0
2007,Port Melbourne,Takeaway Food Services,23.0,20.0,43.0
2007,South Yarra,Cafes and Restaurants,566.0,96.0,662.0
2007,Southbank,Cafes and Restaurants,6160.0,2127.0,8287.0
2007,Southbank,"Pubs, Taverns and Bars",442.0,98.0,540.0
2007,Southbank,Takeaway Food Services,81.0,63.0,144.0
2007,West Melbourne,Cafes and Restaurants,1222.0,234.0,1456.0
2007,West Melbourne,"Pubs, Taverns and Bars",1217.0,60.0,1277.0
2007,West Melbourne,Takeaway Food Services,94.0,27.0,121.0
2008,Carlton,Cafes and Restaurants,10059.0,2894.0,12953.0
2008,Carlton,"Pubs, Taverns and Bars",1100.0,149.0,1249.0
2008,Carlton,Takeaway Food Services,256.0,186.0,442.0
2008,Docklands,Cafes and Restaurants,9232.0,2228.0,11460.0
2008,Docklands,"Pubs, Taverns and Bars",150.0,61.0,211.0
2008,Docklands,Takeaway Food Services,132.0,40.0,172.0
2008,East Melbourne,Cafes and Restaurants,5238.0,625.0,5863.0
2008,East Melbourne,Takeaway Food Services,62.0,36.0,98.0
2008,Kensington,Cafes and Restaurants,365.0,163.0,528.0
2008,Kensington,"Pubs, Taverns and Bars",290.0,62.0,352.0
2008,Kensington,Takeaway Food Services,121.0,2.0,123.0
2008,Melbourne (CBD),Cafes and Restaurants,47269.0,9676.0,56945.0
2008,Melbourne (CBD),"Pubs, Taverns and Bars",8541.0,817.0,9358.0
2008,Melbourne (CBD),Takeaway Food Services,2172.0,821.0,2993.0
2008,Melbourne (Remainder),Cafes and Restaurants,6813.0,1405.0,8218.0
2008,Melbourne (Remainder),Takeaway Food Services,23.0,43.0,66.0
2008,North Melbourne,Cafes and Restaurants,1812.0,385.0,2197.0
2008,North Melbourne,"Pubs, Taverns and Bars",1407.0,168.0,1575.0
2008,North Melbourne,Takeaway Food Services,211.0,106.0,317.0
2008,Parkville,Cafes and Restaurants,1090.0,583.0,1673.0
2008,Parkville,"Pubs, Taverns and Bars",298.0,0.0,298.0
2008,Parkville,Takeaway Food Services,35.0,44.0,79.0
2008,Port Melbourne,Cafes and Restaurants,343.0,140.0,483.0
2008,Port Melbourne,Takeaway Food Services,23.0,20.0,43.0
2008,South Yarra,Cafes and Restaurants,586.0,79.0,665.0
2008,Southbank,Cafes and Restaurants,6517.0,2120.0,8637.0
2008,Southbank,"Pubs, Taverns and Bars",412.0,98.0,510.0
2008,Southbank,Takeaway Food Services,95.0,70.0,165.0
2008,West Melbourne,Cafes and Restaurants,1222.0,234.0,1456.0
2008,West Melbourne,"Pubs, Taverns and Bars",1217.0,60.0,1277.0
2008,West Melbourne,Takeaway Food Services,94.0,27.0,121.0
2009,Carlton,Cafes and Restaurants,10395.0,3056.0,13451.0
2009,Carlton,"Pubs, Taverns and Bars",1010.0,123.0,1133.0
2009,Carlton,Takeaway Food Services,284.0,233.0,517.0
2009,Docklands,Cafes and Restaurants,10586.0,2888.0,13474.0
2009,Docklands,"Pubs, Taverns and Bars",604.0,361.0,965.0
2009,Docklands,Takeaway Food Services,199.0,72.0,271.0
2009,East Melbourne,Cafes and Restaurants,5272.0,789.0,6061.0
2009,East Melbourne,Takeaway Food Services,87.0,37.0,124.0
2009,Kensington,Cafes and Restaurants,365.0,163.0,528.0
2009,Kensington,"Pubs, Taverns and Bars",290.0,62.0,352.0
2009,Kensington,Takeaway Food Services,121.0,2.0,123.0
2009,Melbourne (CBD),Cafes and Restaurants,50448.0,10507.0,60955.0
2009,Melbourne (CBD),"Pubs, Taverns and Bars",8857.0,891.0,9748.0
2009,Melbourne (CBD),Takeaway Food Services,2308.0,972.0,3280.0
2009,Melbourne (Remainder),Cafes and Restaurants,6813.0,1405.0,8218.0
2009,Melbourne (Remainder),Takeaway Food Services,23.0,43.0,66.0
2009,North Melbourne,Cafes and Restaurants,2150.0,496.0,2646.0
2009,North Melbourne,"Pubs, Taverns and Bars",1140.0,196.0,1336.0
2009,North Melbourne,Takeaway Food Services,232.0,86.0,318.0
2009,Parkville,Cafes and Restaurants,1090.0,583.0,1673.0
2009,Parkville,"Pubs, Taverns and Bars",298.0,0.0,298.0
2009,Parkville,Takeaway Food Services,35.0,44.0,79.0
2009,Port Melbourne,Cafes and Restaurants,343.0,140.0,483.0
2009,Port Melbourne,Takeaway Food Services,23.0,20.0,43.0
2009,South Yarra,Cafes and Restaurants,586.0,79.0,665.0
2009,Southbank,Cafes and Restaurants,6517.0,2120.0,8637.0
2009,Southbank,"Pubs, Taverns and Bars",412.0,98.0,510.0
2009,Southbank,Takeaway Food Services,95.0,70.0,165.0
2009,West Melbourne,Cafes and Restaurants,1374.0,270.0,1644.0
2009,West Melbourne,"Pubs, Taverns and Bars",1231.0,88.0,1319.0
2009,West Melbourne,Takeaway Food Services,122.0,48.0,170.0
2010,Carlton,Cafes and Restaurants,10395.0,3056.0,13451.0
2010,Carlton,"Pubs, Taverns and Bars",1010.0,123.0,1133.0
2010,Carlton,Takeaway Food Services,284.0,233.0,517.0
2010,Docklands,Cafes and Restaurants,10586.0,2888.0,13474.0
2010,Docklands,"Pubs, Taverns and Bars",604.0,361.0,965.0
2010,Docklands,Takeaway Food Services,199.0,72.0,271.0
2010,East Melbourne,Cafes and Restaurants,5272.0,789.0,6061.0
2010,East Melbourne,Takeaway Food Services,87.0,37.0,124.0
2010,Kensington,Cafes and Restaurants,365.0,163.0,528.0
2010,Kensington,"Pubs, Taverns and Bars",290.0,62.0,352.0
2010,Kensington,Takeaway Food Services,121.0,2.0,123.0
2010,Melbourne (CBD),Cafes and Restaurants,52244.0,11041.0,63285.0
2010,Melbourne (CBD),"Pubs, Taverns and Bars",9160.0,875.0,10035.0
2010,Melbourne (CBD),Takeaway Food Services,2586.0,1268.0,3854.0
2010,Melbourne (Remainder),Cafes and Restaurants,1858.0,1644.0,3502.0
2010,Melbourne (Remainder),Takeaway Food Services,23.0,34.0,57.0
2010,North Melbourne,Cafes and Restaurants,2150.0,496.0,2646.0
2010,North Melbourne,"Pubs, Taverns and Bars",1140.0,196.0,1336.0
2010,North Melbourne,Takeaway Food Services,232.0,86.0,318.0
2010,Parkville,Cafes and Restaurants,992.0,865.0,1857.0
2010,Parkville,"Pubs, Taverns and Bars",298.0,100.0,398.0
2010,Parkville,Takeaway Food Services,44.0,46.0,90.0
2010,Port Melbourne,Cafes and Restaurants,613.0,275.0,888.0
2010,Port Melbourne,Takeaway Food Services,23.0,20.0,43.0
2010,South Yarra,Cafes and Restaurants,586.0,79.0,665.0
2010,Southbank,Cafes and Restaurants,6517.0,2120.0,8637.0
2010,Southbank,"Pubs, Taverns and Bars",412.0,98.0,510.0
2010,Southbank,Takeaway Food Services,95.0,70.0,165.0
2010,West Melbourne,Cafes and Restaurants,1374.0,270.0,1644.0
2010,West Melbourne,"Pubs, Taverns and Bars",1231.0,88.0,1319.0
2010,West Melbourne,Takeaway Food Services,122.0,48.0,170.0
2011,Carlton,Cafes and Restaurants,10395.0,3056.0,13451.0
2011,Carlton,"Pubs, Taverns and Bars",1010.0,123.0,1133.0
2011,Carlton,Takeaway Food Services,284.0,233.0,517.0
2011,Docklands,Cafes and Restaurants,10586.0,2888.0,13474.0
2011,Docklands,"Pubs, Taverns and Bars",604.0,361.0,965.0
2011,Docklands,Takeaway Food Services,199.0,72.0,271.0
2011,East Melbourne,Cafes and Restaurants,5272.0,789.0,6061.0
2011,East Melbourne,Takeaway Food Services,87.0,37.0,124.0
2011,Kensington,Cafes and Restaurants,486.0,199.0,685.0
2011,Kensington,"Pubs, Taverns and Bars",290.0,62.0,352.0
2011,Kensington,Takeaway Food Services,148.0,24.0,172.0
2011,Melbourne (CBD),Cafes and Restaurants,54969.0,11805.0,66774.0
2011,Melbourne (CBD),"Pubs, Taverns and Bars",9380.0,855.0,10235.0
2011,Melbourne (CBD),Takeaway Food Services,2658.0,1313.0,3971.0
2011,Melbourne (Remainder),Cafes and Restaurants,1858.0,1644.0,3502.0
2011,Melbourne (Remainder),Takeaway Food Services,23.0,34.0,57.0
2011,North Melbourne,Cafes and Restaurants,2150.0,496.0,2646.0
2011,North Melbourne,"Pubs, Taverns and Bars",1140.0,196.0,1336.0
2011,North Melbourne,Takeaway Food Services,232.0,86.0,318.0
2011,Parkville,Cafes and Restaurants,992.0,865.0,1857.0
2011,Parkville,"Pubs, Taverns and Bars",298.0,100.0,398.0
2011,Parkville,Takeaway Food Services,44.0,46.0,90.0
2011,Port Melbourne,Cafes and Restaurants,613.0,275.0,888.0
2011,Port Melbourne,Takeaway Food Services,23.0,20.0,43.0
2011,South Yarra,Cafes and Restaurants,573.0,112.0,685.0
2011,Southbank,Cafes and Restaurants,9201.0,2583.0,11784.0
2011,Southbank,"Pubs, Taverns and Bars",375.0,60.0,435.0
2011,Southbank,Takeaway Food Services,123.0,41.0,164.0
2011,West Melbourne,Cafes and Restaurants,1374.0,270.0,1644.0
2011,West Melbourne,"Pubs, Taverns and Bars",1231.0,88.0,1319.0
2011,West Melbourne,Takeaway Food Services,122.0,48.0,170.0
2012,Carlton,Cafes and Restaurants,10269.0,3090.0,13359.0
2012,Carlton,"Pubs, Taverns and Bars",986.0,281.0,1267.0
2012,Carlton,Takeaway Food Services,240.0,196.0,436.0
2012,Docklands,Cafes and Restaurants,11978.0,3587.0,15565.0
2012,Docklands,"Pubs, Taverns and Bars",724.0,447.0,1171.0
2012,Docklands,Takeaway Food Services,144.0,74.0,218.0
2012,East Melbourne,Cafes and Restaurants,5361.0,849.0,6210.0
2012,East Melbourne,Takeaway Food Services,67.0,28.0,95.0
2012,Kensington,Cafes and Restaurants,486.0,199.0,685.0
2012,Kensington,"Pubs, Taverns and Bars",290.0,62.0,352.0
2012,Kensington,Takeaway Food Services,148.0,24.0,172.0
2012,Melbourne (CBD),Cafes and Restaurants,56384.0,12282.0,68666.0
2012,Melbourne (CBD),"Pubs, Taverns and Bars",9346.0,1053.0,10399.0
2012,Melbourne (CBD),Takeaway Food Services,2455.0,1088.0,3543.0
2012,Melbourne (Remainder),Cafes and Restaurants,1858.0,1644.0,3502.0
2012,Melbourne (Remainder),Takeaway Food Services,23.0,34.0,57.0
2012,North Melbourne,Cafes and Restaurants,2303.0,500.0,2803.0
2012,North Melbourne,"Pubs, Taverns and Bars",985.0,163.0,1148.0
2012,North Melbourne,Takeaway Food Services,259.0,99.0,358.0
2012,Parkville,Cafes and Restaurants,1122.0,819.0,1941.0
2012,Parkville,"Pubs, Taverns and Bars",180.0,100.0,280.0
2012,Parkville,Takeaway Food Services,46.0,45.0,91.0
2012,Port Melbourne,Cafes and Restaurants,613.0,275.0,888.0
2012,Port Melbourne,Takeaway Food Services,23.0,20.0,43.0
2012,South Yarra,Cafes and Restaurants,573.0,112.0,685.0
2012,Southbank,Cafes and Restaurants,9201.0,2583.0,11784.0
2012,Southbank,"Pubs, Taverns and Bars",375.0,60.0,435.0
2012,Southbank,Takeaway Food Services,123.0,41.0,164.0
2012,West Melbourne,Cafes and Restaurants,1439.0,333.0,1772.0
2012,West Melbourne,"Pubs, Taverns and Bars",1094.0,100.0,1194.0
2012,West Melbourne,Takeaway Food Services,100.0,47.0,147.0
2013,Carlton,Cafes and Restaurants,10269.0,3090.0,13359.0
2013,Carlton,"Pubs, Taverns and Bars",986.0,281.0,1267.0
2013,Carlton,Takeaway Food Services,240.0,196.0,436.0
2013,Docklands,Cafes and Restaurants,11978.0,3587.0,15565.0
2013,Docklands,"Pubs, Taverns and Bars",724.0,447.0,1171.0
2013,Docklands,Takeaway Food Services,144.0,74.0,218.0
2013,East Melbourne,Cafes and Restaurants,5361.0,849.0,6210.0
2013,East Melbourne,Takeaway Food Services,67.0,28.0,95.0
2013,Kensington,Cafes and Restaurants,741.0,275.0,1016.0
2013,Kensington,"Pubs, Taverns and Bars",375.0,143.0,518.0
2013,Kensington,Takeaway Food Services,85.0,18.0,103.0
2013,Melbourne (CBD),Cafes and Restaurants,59777.0,13012.0,72789.0
2013,Melbourne (CBD),"Pubs, Taverns and Bars",9459.0,1182.0,10641.0
2013,Melbourne (CBD),Takeaway Food Services,2221.0,831.0,3052.0
2013,Melbourne (Remainder),Cafes and Restaurants,1971.0,1795.0,3766.0
2013,Melbourne (Remainder),Takeaway Food Services,24.0,32.0,56.0
2013,North Melbourne,Cafes and Restaurants,2303.0,500.0,2803.0
2013,North Melbourne,"Pubs, Taverns and Bars",985.0,163.0,1148.0
2013,North Melbourne,Takeaway Food Services,259.0,99.0,358.0
2013,Parkville,Cafes and Restaurants,1122.0,819.0,1941.0
2013,Parkville,"Pubs, Taverns and Bars",180.0,100.0,280.0
2013,Parkville,Takeaway Food Services,46.0,45.0,91.0
2013,Port Melbourne,Cafes and Restaurants,599.0,339.0,938.0
2013,Port Melbourne,Takeaway Food Services,23.0,20.0,43.0
2013,South Yarra,Cafes and Restaurants,531.0,114.0,645.0
2013,Southbank,Cafes and Restaurants,13410.0,3852.0,17262.0
2013,Southbank,"Pubs, Taverns and Bars",383.0,60.0,443.0
2013,Southbank,Takeaway Food Services,124.0,31.0,155.0
2013,West Melbourne,Cafes and Restaurants,1439.0,333.0,1772.0
2013,West Melbourne,"Pubs, Taverns and Bars",1094.0,100.0,1194.0
2013,West Melbourne,Takeaway Food Services,100.0,47.0,147.0
2014,Carlton,Cafes and Restaurants,10197.0,3496.0,13693.0
2014,Carlton,"Pubs, Taverns and Bars",826.0,294.0,1120.0
2014,Carlton,Takeaway Food Services,256.0,203.0,459.0
2014,Docklands,Cafes and Restaurants,14208.0,3617.0,17825.0
2014,Docklands,"Pubs, Taverns and Bars",1132.0,555.0,1687.0
2014,Docklands,Takeaway Food Services,250.0,106.0,356.0
2014,East Melbourne,Cafes and Restaurants,5479.0,828.0,6307.0
2014,East Melbourne,"Pubs, Taverns and Bars",100.0,0.0,100.0
2014,East Melbourne,Takeaway Food Services,58.0,27.0,85.0
2014,Kensington,Cafes and Restaurants,741.0,275.0,1016.0
2014,Kensington,"Pubs, Taverns and Bars",375.0,143.0,518.0
2014,Kensington,Takeaway Food Services,85.0,18.0,103.0
2014,Melbourne (CBD),Cafes and Restaurants,63244.0,13161.0,76405.0
2014,Melbourne (CBD),"Pubs, Taverns and Bars",9224.0,1406.0,10630.0
2014,Melbourne (CBD),Takeaway Food Services,2571.0,851.0,3422.0
2014,Melbourne (Remainder),Cafes and Restaurants,1971.0,1795.0,3766.0
2014,Melbourne (Remainder),Takeaway Food Services,24.0,32.0,56.0
2014,North Melbourne,Cafes and Restaurants,2597.0,641.0,3238.0
2014,North Melbourne,"Pubs, Taverns and Bars",955.0,145.0,1100.0
2014,North Melbourne,Takeaway Food Services,237.0,92.0,329.0
2014,Parkville,Cafes and Restaurants,1530.0,1014.0,2544.0
2014,Parkville,"Pubs, Taverns and Bars",340.0,136.0,476.0
2014,Parkville,Takeaway Food Services,117.0,66.0,183.0
2014,Port Melbourne,Cafes and Restaurants,599.0,339.0,938.0
2014,Port Melbourne,Takeaway Food Services,23.0,20.0,43.0
2014,South Yarra,Cafes and Restaurants,531.0,114.0,645.0
2014,Southbank,Cafes and Restaurants,13410.0,3852.0,17262.0
2014,Southbank,"Pubs, Taverns and Bars",383.0,60.0,443.0
2014,Southbank,Takeaway Food Services,124.0,31.0,155.0
2014,West Melbourne,Cafes and Restaurants,1394.0,320.0,1714.0
2014,West Melbourne,"Pubs, Taverns and Bars",1021.0,140.0,1161.0
2014,West Melbourne,Takeaway Food Services,163.0,42.0,205.0
2015,Carlton,Cafes and Restaurants,10197.0,3496.0,13693.0
2015,Carlton,"Pubs, Taverns and Bars",826.0,294.0,1120.0
2015,Carlton,Takeaway Food Services,256.0,203.0,459.0
2015,Docklands,Cafes and Restaurants,14208.0,3617.0,17825.0
2015,Docklands,"Pubs, Taverns and Bars",1132.0,555.0,1687.0
2015,Docklands,Takeaway Food Services,250.0,106.0,356.0
2015,East Melbourne,Cafes and Restaurants,5479.0,828.0,6307.0
2015,East Melbourne,"Pubs, Taverns and Bars",100.0,0.0,100.0
2015,East Melbourne,Takeaway Food Services,58.0,27.0,85.0
2015,Kensington,Cafes and Restaurants,940.0,306.0,1246.0
2015,Kensington,"Pubs, Taverns and Bars",345.0,131.0,476.0
2015,Kensington,Takeaway Food Services,73.0,12.0,85.0
2015,Melbourne (CBD),Cafes and Restaurants,64246.0,13262.0,77508.0
2015,Melbourne (CBD),"Pubs, Taverns and Bars",9453.0,1604.0,11057.0
2015,Melbourne (CBD),Takeaway Food Services,2638.0,1014.0,3652.0
2015,Melbourne (Remainder),Cafes and Restaurants,2184.0,1276.0,3460.0
2015,Melbourne (Remainder),"Pubs, Taverns and Bars",140.0,800.0,940.0
2015,Melbourne (Remainder),Takeaway Food Services,31.0,39.0,70.0
2015,North Melbourne,Cafes and Restaurants,2597.0,641.0,3238.0
2015,North Melbourne,"Pubs, Taverns and Bars",955.0,145.0,1100.0
2015,North Melbourne,Takeaway Food Services,237.0,92.0,329.0
2015,Parkville,Cafes and Restaurants,1530.0,1014.0,2544.0
2015,Parkville,"Pubs, Taverns and Bars",340.0,136.0,476.0
2015,Parkville,Takeaway Food Services,117.0,66.0,183.0
2015,Port Melbourne,Cafes and Restaurants,597.0,330.0,927.0
2015,Port Melbourne,"Pubs, Taverns and Bars",52.0,24.0,76.0
2015,South Yarra,Cafes and Restaurants,613.0,136.0,749.0
2015,Southbank,Cafes and Restaurants,13452.0,4162.0,17614.0
2015,Southbank,"Pubs, Taverns and Bars",743.0,240.0,983.0
2015,Southbank,Takeaway Food Services,163.0,27.0,190.0
2015,West Melbourne,Cafes and Restaurants,1394.0,320.0,1714.0
2015,West Melbourne,"Pubs, Taverns and Bars",1021.0,140.0,1161.0
2015,West Melbourne,Takeaway Food Services,163.0,42.0,205.0
2016,Carlton,Cafes and Restaurants,11515.0,3583.0,15098.0
2016,Carlton,"Pubs, Taverns and Bars",1018.0,278.0,1296.0
2016,Carlton,Takeaway Food Services,300.0,277.0,577.0
2016,Docklands,Cafes and Restaurants,15398.0,3842.0,19240.0
2016,Docklands,"Pubs, Taverns and Bars",1098.0,555.0,1653.0
2016,Docklands,Takeaway Food Services,328.0,202.0,530.0
2016,East Melbourne,Cafes and Restaurants,5688.0,788.0,6476.0
2016,East Melbourne,"Pubs, Taverns and Bars",100.0,0.0,100.0
2016,East Melbourne,Takeaway Food Services,63.0,113.0,176.0
2016,Kensington,Cafes and Restaurants,940.0,306.0,1246.0
2016,Kensington,"Pubs, Taverns and Bars",345.0,131.0,476.0
2016,Kensington,Takeaway Food Services,73.0,12.0,85.0
2016,Melbourne (CBD),Cafes and Restaurants,64454.0,13444.0,77898.0
2016,Melbourne (CBD),"Pubs, Taverns and Bars",9787.0,1814.0,11601.0
2016,Melbourne (CBD),Takeaway Food Services,2598.0,987.0,3585.0
2016,Melbourne (Remainder),Cafes and Restaurants,2184.0,1276.0,3460.0
2016,Melbourne (Remainder),"Pubs, Taverns and Bars",140.0,800.0,940.0
2016,Melbourne (Remainder),Takeaway Food Services,31.0,39.0,70.0
2016,North Melbourne,Cafes and Restaurants,2957.0,682.0,3639.0
2016,North Melbourne,"Pubs, Taverns and Bars",887.0,171.0,1058.0
2016,North Melbourne,Takeaway Food Services,243.0,111.0,354.0
2016,Parkville,Cafes and Restaurants,1960.0,973.0,2933.0
2016,Parkville,"Pubs, Taverns and Bars",120.0,40.0,160.0
2016,Parkville,Takeaway Food Services,136.0,327.0,463.0
2016,Port Melbourne,Cafes and Restaurants,597.0,330.0,927.0
2016,Port Melbourne,"Pubs, Taverns and Bars",52.0,24.0,76.0
2016,South Yarra,Cafes and Restaurants,613.0,136.0,749.0
2016,Southbank,Cafes and Restaurants,13452.0,4162.0,17614.0
2016,Southbank,"Pubs, Taverns and Bars",743.0,240.0,983.0
2016,Southbank,Takeaway Food Services,163.0,27.0,190.0
2016,West Melbourne,Cafes and Restaurants,1004.0,296.0,1300.0
2016,West Melbourne,"Pubs, Taverns and Bars",919.0,151.0,1070.0
2016,West Melbourne,Takeaway Food Services,116.0,36.0,152.0
2017,Carlton,Cafes and Restaurants,11515.0,3583.0,15098.0
2017,Carlton,"Pubs, Taverns and Bars",1018.0,278.0,1296.0
2017,Carlton,Takeaway Food Services,300.0,277.0,577.0
2017,Docklands,Cafes and Restaurants,15398.0,3842.0,19240.0
2017,Docklands,"Pubs, Taverns and Bars",1098.0,555.0,1653.0
2017,Docklands,Takeaway Food Services,328.0,202.0,530.0
2017,East Melbourne,Cafes and Restaurants,5688.0,788.0,6476.0
2017,East Melbourne,"Pubs, Taverns and Bars",100.0,0.0,100.0
2017,East Melbourne,Takeaway Food Services,63.0,113.0,176.0
2017,Kensington,Cafes and Restaurants,971.0,278.0,1249.0
2017,Kensington,"Pubs, Taverns and Bars",315.0,131.0,446.0
2017,Kensington,Takeaway Food Services,101.0,28.0,129.0
2017,Melbourne (CBD),Cafes and Restaurants,65294.0,13466.0,78760.0
2017,Melbourne (CBD),"Pubs, Taverns and Bars",9643.0,1736.0,11379.0
2017,Melbourne (CBD),Takeaway Food Services,2765.0,988.0,3753.0
2017,Melbourne (Remainder),Cafes and Restaurants,1975.0,1156.0,3131.0
2017,Melbourne (Remainder),Takeaway Food Services,37.0,37.0,74.0
2017,North Melbourne,Cafes and Restaurants,2957.0,682.0,3639.0
2017,North Melbourne,"Pubs, Taverns and Bars",887.0,171.0,1058.0
2017,North Melbourne,Takeaway Food Services,243.0,111.0,354.0
2017,Parkville,Cafes and Restaurants,1960.0,973.0,2933.0
2017,Parkville,"Pubs, Taverns and Bars",120.0,40.0,160.0
2017,Parkville,Takeaway Food Services,136.0,327.0,463.0
2017,Port Melbourne,Cafes and Restaurants,759.0,348.0,1107.0
2017,South Yarra,Cafes and Restaurants,613.0,136.0,749.0
2017,Southbank,Cafes and Restaurants,14090.0,4046.0,18136.0
2017,Southbank,"Pubs, Taverns and Bars",743.0,290.0,1033.0
2017,Southbank,Takeaway Food Services,152.0,16.0,168.0
2017,West Melbourne,Cafes and Restaurants,1004.0,296.0,1300.0
2017,West Melbourne,"Pubs, Taverns and Bars",919.0,151.0,1070.0
2017,West Melbourne,Takeaway Food Services,116.0,36.0,152.0
2018,Carlton,Cafes and Restaurants,10330.0,3375.0,13705.0
2018,Carlton,"Pubs, Taverns and Bars",788.0,210.0,998.0
2018,Carlton,Takeaway Food Services,349.0,196.0,545.0
2018,Docklands,Cafes and Restaurants,14719.0,3699.0,18418.0
2018,Docklands,"Pubs, Taverns and Bars",1098.0,555.0,1653.0
2018,Docklands,Takeaway Food Services,333.0,159.0,492.0
2018,East Melbourne,Cafes and Restaurants,5600.0,699.0,6299.0
2018,East Melbourne,"Pubs, Taverns and Bars",100.0,0.0,100.0
2018,East Melbourne,Takeaway Food Services,73.0,105.0,178.0
2018,Kensington,Cafes and Restaurants,971.0,278.0,1249.0
2018,Kensington,"Pubs, Taverns and Bars",315.0,131.0,446.0
2018,Kensington,Takeaway Food Services,101.0,28.0,129.0
2018,Melbourne (CBD),Cafes and Restaurants,65495.0,12207.0,77702.0
2018,Melbourne (CBD),"Pubs, Taverns and Bars",9394.0,1598.0,10992.0
2018,Melbourne (CBD),Takeaway Food Services,2862.0,1010.0,3872.0
2018,Melbourne (Remainder),Cafes and Restaurants,1975.0,1156.0,3131.0
2018,Melbourne (Remainder),Takeaway Food Services,37.0,37.0,74.0
2018,North Melbourne,Cafes and Restaurants,3027.0,672.0,3699.0
2018,North Melbourne,"Pubs, Taverns and Bars",843.0,107.0,950.0
2018,North Melbourne,Takeaway Food Services,217.0,115.0,332.0
2018,Parkville,Cafes and Restaurants,2158.0,854.0,3012.0
2018,Parkville,"Pubs, Taverns and Bars",120.0,40.0,160.0
2018,Parkville,Takeaway Food Services,88.0,432.0,520.0
2018,Port Melbourne,Cafes and Restaurants,759.0,348.0,1107.0
2018,South Yarra,Cafes and Restaurants,613.0,136.0,749.0
2018,Southbank,Cafes and Restaurants,14090.0,4046.0,18136.0
2018,Southbank,"Pubs, Taverns and Bars",743.0,290.0,1033.0
2018,Southbank,Takeaway Food Services,152.0,16.0,168.0
2018,West Melbourne,Cafes and Restaurants,1212.0,325.0,1537.0
2018,West Melbourne,"Pubs, Taverns and Bars",929.0,163.0,1092.0
2018,West Melbourne,Takeaway Food Services,157.0,38.0,195.0
2019,Carlton,Cafes and Restaurants,10330.0,3375.0,13705.0
2019,Carlton,"Pubs, Taverns and Bars",788.0,210.0,998.0
2019,Carlton,Takeaway Food Services,349.0,196.0,545.0
2019,Docklands,Cafes and Restaurants,14719.0,3699.0,18418.0
2019,Docklands,"Pubs, Taverns and Bars",1098.0,555.0,1653.0
2019,Docklands,Takeaway Food Services,333.0,159.0,492.0
2019,East Melbourne,Cafes and Restaurants,5600.0,699.0,6299.0
2019,East Melbourne,"Pubs, Taverns and Bars",100.0,0.0,100.0
2019,East Melbourne,Takeaway Food Services,73.0,105.0,178.0
2019,Kensington,Cafes and Restaurants,965.0,263.0,1228.0
2019,Kensington,"Pubs, Taverns and Bars",315.0,268.0,583.0
2019,Kensington,Takeaway Food Services,92.0,20.0,112.0
2019,Melbourne (CBD),Cafes and Restaurants,65032.0,11706.0,76738.0
2019,Melbourne (CBD),"Pubs, Taverns and Bars",9094.0,1608.0,10702.0
2019,Melbourne (CBD),Takeaway Food Services,2834.0,970.0,3804.0
2019,Melbourne (Remainder),Cafes and Restaurants,1896.0,1212.0,3108.0
2019,Melbourne (Remainder),Takeaway Food Services,27.0,30.0,57.0
2019,North Melbourne,Cafes and Restaurants,3027.0,672.0,3699.0
2019,North Melbourne,"Pubs, Taverns and Bars",843.0,107.0,950.0
2019,North Melbourne,Takeaway Food Services,217.0,115.0,332.0
2019,Parkville,Cafes and Restaurants,2158.0,854.0,3012.0
2019,Parkville,"Pubs, Taverns and Bars",120.0,40.0,160.0
2019,Parkville,Takeaway Food Services,88.0,432.0,520.0
2019,Port Melbourne,Cafes and Restaurants,765.0,414.0,1179.0
2019,South Yarra,Cafes and Restaurants,663.0,136.0,799.0
2019,Southbank,Cafes and Restaurants,14135.0,3948.0,18083.0
2019,Southbank,"Pubs, Taverns and Bars",983.0,360.0,1343.0
2019,Southbank,Takeaway Food Services,139.0,46.0,185.0
2019,West Melbourne,Cafes and Restaurants,1212.0,325.0,1537.0
2019,West Melbourne,"Pubs, Taverns and Bars",929.0,163.0,1092.0
2019,West Melbourne,Takeaway Food Services,157.0,38.0,195.0
